PayrollNumber,EmployeeID,AgencyID,TitleCode,FiscalYear,AgencyStartDate,WorkLocationBorough,AgencyCode,LeaveStatusasofJune30,BaseSalary,PayBasis,RegularHours,RegularGrossPaid,OTHours,TotalOTPaid,TotalOtherPay
17,10001,2120.0,40447,2020,9/12/2016,BROOKLYN,0.0,ACTIVE,86005.0,per Annum,1820.0,84698.21,0.0,0.0,0.0
17,149612,2120.0,40447,2020,9/16/2013,BROOKLYN,0.0,ACTIVE,86005.0,per Annum,1820.0,84698.21,0.0,0.0,0.0
17,206583,2120.0,40447,2020,4/30/2018,BROOKLYN,0.0,ACTIVE,86005.0,per Annum,1820.0,84698.21,0.0,0.0,0.0
17,199874,2120.0,40447,2020,3/18/2019,BROOKLYN,0.0,ACTIVE,86005.0,per Annum,1820.0,87900.95,0.0,0.0,-3202.74
17,58036,2120.0,40447,2020,5/15/2017,BROOKLYN,0.0,ACTIVE,86005.0,per Annum,1820.0,83976.54,0.0,0.0,0.0
17,104393,2120.0,40447,2020,12/1/2014,BROOKLYN,0.0,ACTIVE,86005.0,per Annum,1820.0,83877.36,0.0,0.0,0.0
17,186781,2120.0,40285,2020,6/30/2014,BROOKLYN,0.0,CEASED,236088.0,per Annum,21.0,2716.38,0.0,0.0,80141.89
17,149700,2120.0,40447,2020,6/27/2016,BROOKLYN,0.0,ACTIVE,86005.0,per Annum,1820.0,81887.99,15.0,679.33,29.97
17,121565,2120.0,40447,2020,11/20/2017,BROOKLYN,0.0,ACTIVE,83791.0,per Annum,1820.0,82517.67,0.0,0.0,0.0
17,141167,2120.0,40447,2020,1/4/2016,BROOKLYN,0.0,ACTIVE,83791.0,per Annum,1820.0,82517.67,0.0,0.0,0.0
17,123132,2120.0,40448,2020,4/6/2015,BROOKLYN,0.0,ACTIVE,73049.0,per Annum,1820.0,71938.89,175.25,8786.47,120.1
17,97057,2120.0,40448,2020,10/10/2017,BROOKLYN,0.0,ACTIVE,66603.0,per Annum,1820.0,64110.28,352.0,16667.92,26.71
17,155154,2120.0,40448,2020,11/26/2018,BROOKLYN,0.0,ACTIVE,68751.0,per Annum,1820.0,67706.51,237.0,11332.32,566.13
17,115541,2120.0,40448,2020,9/27/2010,BROOKLYN,0.0,ACTIVE,71231.0,per Annum,1820.0,70148.5,32.25,1314.22,6860.54
17,96376,2120.0,40448,2020,1/3/2017,BROOKLYN,0.0,ACTIVE,73317.0,per Annum,1820.0,72203.21,113.5,5643.55,458.37
17,143597,2120.0,40448,2020,3/4/2019,BROOKLYN,0.0,ACTIVE,67980.0,per Annum,1820.0,66947.11,216.0,10630.76,469.3
17,181023,2120.0,40448,2020,12/10/2018,BROOKLYN,0.0,ACTIVE,73049.0,per Annum,1820.0,70352.18,127.0,6574.12,431.81
17,152023,2120.0,40448,2020,3/5/2018,BROOKLYN,0.0,ACTIVE,59083.0,per Annum,1820.0,58185.25,395.5,17255.06,252.14
17,158677,2120.0,40448,2020,9/12/2016,BROOKLYN,0.0,ACTIVE,66603.0,per Annum,1820.0,65591.04,199.25,9713.85,324.4
17,135408,2120.0,40448,2020,5/28/2017,BROOKLYN,0.0,ACTIVE,66603.0,per Annum,1820.0,65591.04,192.0,8757.41,769.6
17,43163,2120.0,40448,2020,12/1/2014,BROOKLYN,0.0,ACTIVE,73049.0,per Annum,1575.0,62439.74,238.5,12364.8,51.74
17,110853,2120.0,40448,2020,6/5/2017,BROOKLYN,0.0,ACTIVE,71000.0,per Annum,1820.0,66165.12,178.75,8016.78,114.2
17,133090,2120.0,40448,2020,1/12/2015,BROOKLYN,0.0,ACTIVE,73049.0,per Annum,1820.0,71938.89,11.0,459.78,485.23
17,212044,2120.0,40448,2020,6/10/2019,BROOKLYN,0.0,ACTIVE,66950.0,per Annum,1820.0,64578.68,165.0,7643.21,10.99
17,105697,2120.0,40448,2020,1/2/2018,BROOKLYN,0.0,ACTIVE,62306.0,per Annum,1820.0,61359.18,195.0,8341.68,2358.7
17,35075,2120.0,40448,2020,6/24/2019,BROOKLYN,0.0,ACTIVE,66950.0,per Annum,1805.0,64001.59,156.5,7271.37,23.2
17,176856,2120.0,40448,2020,5/20/2019,BROOKLYN,0.0,ACTIVE,66950.0,per Annum,1820.0,65932.74,103.5,4446.88,433.7
17,81255,2120.0,40447,2020,8/19/2019,BROOKLYN,0.0,ACTIVE,83791.0,per Annum,1540.0,70065.8,0.0,0.0,0.0
17,210474,2120.0,40447,2020,5/15/2017,BROOKLYN,0.0,CEASED,86005.0,per Annum,1505.0,69893.46,0.0,0.0,0.0
17,159087,2120.0,40448,2020,9/3/2019,BROOKLYN,0.0,ACTIVE,72100.0,per Annum,1463.0,57344.44,258.5,11985.37,430.87
17,206238,2120.0,40448,2020,12/11/2017,BROOKLYN,0.0,ACTIVE,62306.0,per Annum,1820.0,61359.18,152.5,6310.67,1557.38
17,193847,2120.0,40448,2020,10/15/2018,BROOKLYN,0.0,ACTIVE,62306.0,per Annum,1820.0,61359.18,100.0,3876.55,3741.42
17,205827,2120.0,40291,2020,12/26/2006,BROOKLYN,0.0,ACTIVE,48601.0,per Annum,1820.0,47854.55,526.0,19751.62,1036.71
17,94730,2120.0,40447,2020,10/7/2019,BROOKLYN,0.0,ACTIVE,96717.0,per Annum,1295.0,68303.31,0.0,0.0,0.0
17,89761,2120.0,40448,2020,9/30/2019,BROOKLYN,0.0,ACTIVE,74160.0,per Annum,1330.0,53750.14,254.25,13501.62,459.96
17,92865,2120.0,40448,2020,8/19/2019,BROOKLYN,0.0,ACTIVE,59740.0,per Annum,1540.0,49368.85,390.5,17332.78,570.73
17,63151,2120.0,40448,2020,8/28/2017,BROOKLYN,0.0,ACTIVE,70600.0,per Annum,1820.0,65820.37,20.0,808.52,204.2
17,79159,2120.0,40447,2020,5/24/2010,BROOKLYN,0.0,CEASED,118306.0,per Annum,1050.0,66729.3,0.0,0.0,0.0
17,203410,2120.0,40448,2020,1/7/2019,BROOKLYN,0.0,ACTIVE,64454.0,per Annum,1820.0,63159.77,77.25,3011.93,0.0
17,131498,2120.0,40448,2020,9/3/2019,BROOKLYN,0.0,ACTIVE,76220.0,per Annum,1463.0,60449.48,88.75,4609.94,455.14
17,129897,2120.0,40448,2020,10/15/2018,BROOKLYN,0.0,ACTIVE,62306.0,per Annum,1820.0,61359.18,49.0,1808.36,1544.5
17,167106,2120.0,40448,2020,7/8/2019,BROOKLYN,0.0,ACTIVE,63860.0,per Annum,1750.0,59735.06,86.0,3809.95,242.22
17,136645,2120.0,40448,2020,11/25/2019,BROOKLYN,0.0,ACTIVE,90000.0,per Annum,1050.0,51639.3,180.0,11062.74,619.58
17,50331,2120.0,40448,2020,8/26/2019,BROOKLYN,0.0,ACTIVE,68750.0,per Annum,1505.0,54680.15,132.5,6608.73,316.81
17,140861,2120.0,40448,2020,4/13/2015,BROOKLYN,0.0,CEASED,75197.0,per Annum,1350.75,54772.13,75.25,3645.41,575.62
17,174875,2120.0,40448,2020,9/4/2018,BROOKLYN,0.0,CEASED,70900.0,per Annum,1391.0,53200.97,55.25,2459.25,75.39
17,91503,2120.0,40448,2020,6/26/2017,BROOKLYN,0.0,CEASED,68751.0,per Annum,1400.0,50086.73,74.25,3754.99,0.0
17,160422,2120.0,40448,2020,7/7/2015,BROOKLYN,0.0,ACTIVE,35.45,per Hour,1334.5,46850.73,124.25,5341.5,536.19
17,23462,2120.0,40447,2020,12/9/2019,BROOKLYN,0.0,ACTIVE,96717.0,per Annum,980.0,51793.84,0.0,0.0,0.0
17,115024,2120.0,40448,2020,10/15/2019,BROOKLYN,0.0,ACTIVE,59740.0,per Annum,1253.0,40858.33,76.75,2994.39,6237.04
17,123868,2120.0,40448,2020,10/15/2019,BROOKLYN,0.0,ACTIVE,59740.0,per Annum,1253.0,40858.33,79.0,3399.01,4587.96
17,190047,2120.0,40448,2020,12/11/2017,BROOKLYN,0.0,CEASED,75197.0,per Annum,1050.0,42414.24,50.0,2613.15,629.67
17,186770,2120.0,40362,2020,11/13/2017,BROOKLYN,0.0,CEASED,184236.0,per Annum,385.0,36533.86,0.0,0.0,7601.07
17,191311,2120.0,40448,2020,11/4/2019,BROOKLYN,0.0,ACTIVE,58000.0,per Annum,1155.0,36606.57,97.75,3733.36,1958.02
17,168489,2120.0,40448,2020,1/27/2020,BROOKLYN,0.0,ACTIVE,66603.0,per Annum,735.0,26750.43,312.25,14978.28,0.0
17,178706,2120.0,40448,2020,1/27/2020,BROOKLYN,0.0,ACTIVE,66603.0,per Annum,735.0,26750.43,290.0,14044.18,382.78
17,103797,2120.0,40447,2020,8/1/2011,BROOKLYN,0.0,CEASED,90737.0,per Annum,0.0,0.0,0.0,0.0,39464.19
17,186348,2120.0,40448,2020,1/6/2020,BROOKLYN,0.0,ACTIVE,62000.0,per Annum,840.0,28458.96,228.0,9968.57,52.6
17,183519,2120.0,40447,2020,4/1/2019,BROOKLYN,0.0,CEASED,91311.0,per Annum,735.0,35784.83,0.0,0.0,0.0
17,44703,2120.0,40447,2020,8/13/2007,BROOKLYN,0.0,CEASED,151131.0,per Annum,0.0,0.0,0.0,0.0,31010.35
17,176128,2120.0,40448,2020,7/29/2019,BROOKLYN,0.0,ACTIVE,28.84,per Hour,950.75,27208.37,127.75,3726.73,27.0
17,92056,2120.0,40448,2020,3/5/2018,BROOKLYN,0.0,CEASED,62306.0,per Annum,805.0,26801.03,2.0,66.22,3767.47
17,177306,2120.0,40447,2020,5/25/2014,BROOKLYN,0.0,CEASED,93900.0,per Annum,595.0,30535.27,0.0,0.0,0.0
17,85763,2120.0,40447,2020,3/17/2020,BROOKLYN,0.0,ACTIVE,82.0,per Hour,314.5,25789.0,0.0,0.0,0.0
17,176308,2120.0,40448,2020,4/13/2020,BROOKLYN,0.0,ACTIVE,75197.0,per Annum,350.0,14381.95,204.5,10917.33,14.4
17,132431,2120.0,40448,2020,4/1/2019,BROOKLYN,0.0,CEASED,63860.0,per Annum,700.0,23805.91,28.0,1085.96,40.75
17,36275,2120.0,40291,2020,1/22/2019,BROOKLYN,0.0,CEASED,44290.0,per Annum,945.0,22432.74,0.0,0.0,0.0
17,198828,2120.0,40088,2020,4/16/2013,BROOKLYN,0.0,CEASED,90236.0,per Annum,267.75,18082.62,14.0,1361.39,2050.84
17,146694,2120.0,40448,2020,5/30/2017,BROOKLYN,0.0,CEASED,73007.0,per Annum,480.75,19182.8,11.0,565.43,47.95
17,177161,2120.0,40447,2020,10/28/2012,BROOKLYN,0.0,CEASED,136887.0,per Annum,0.0,0.0,0.0,0.0,14860.74
17,113003,2120.0,40447,2020,4/6/2020,BROOKLYN,0.0,ACTIVE,65000.0,per Annum,385.0,13674.87,2.0,88.95,16.5
17,93811,2120.0,40447,2020,2/19/2018,BROOKLYN,0.0,CEASED,83500.0,per Annum,210.0,9586.97,0.0,0.0,3221.5
17,159195,2120.0,40448,2020,4/27/2020,BROOKLYN,0.0,ACTIVE,77344.0,per Annum,280.0,11834.04,0.0,0.0,0.0
17,66825,2120.0,40448,2020,6/19/2017,BROOKLYN,0.0,CEASED,73371.0,per Annum,260.0,10427.94,0.0,0.0,0.0
17,179909,2120.0,40494,2020,11/4/2013,BROOKLYN,0.0,CEASED,224538.0,per Annum,70.0,8602.33,0.0,0.0,0.0
17,115829,2120.0,40448,2020,8/28/2017,BROOKLYN,0.0,CEASED,60491.0,per Annum,256.25,8473.44,0.0,0.0,0.0
17,156690,2120.0,40447,2020,6/16/2014,BROOKLYN,0.0,CEASED,93900.0,per Annum,77.0,3956.47,0.0,0.0,4256.14
17,149382,2120.0,40447,2020,11/13/2017,BROOKLYN,0.0,CEASED,81350.0,per Annum,0.0,0.0,0.0,0.0,7422.85
17,104934,2120.0,40447,2020,3/19/2018,BROOKLYN,0.0,CEASED,83500.0,per Annum,0.0,0.0,0.0,0.0,6658.92
17,116665,2120.0,40447,2020,1/20/2015,BROOKLYN,0.0,CEASED,85399.0,per Annum,0.0,0.0,0.0,0.0,3982.41
17,191121,2120.0,40448,2020,7/17/2017,BROOKLYN,0.0,CEASED,64663.0,per Annum,102.0,3607.65,7.75,322.96,13.56
17,10449,2120.0,40447,2020,9/5/2006,BROOKLYN,0.0,CEASED,85490.0,per Annum,0.0,0.0,0.0,0.0,2858.38
17,176993,2120.0,40448,2020,9/17/2018,BROOKLYN,0.0,CEASED,70921.0,per Annum,49.5,1921.73,0.0,0.0,0.0
17,151781,2120.0,40447,2020,11/10/2014,BROOKLYN,0.0,CEASED,45.7,per Hour,42.0,1919.4,0.0,0.0,0.0
17,169959,2120.0,40447,2020,4/3/2017,BROOKLYN,0.0,CEASED,88651.0,per Annum,0.0,0.0,0.0,0.0,1568.03
17,69054,2120.0,40088,2020,2/16/2016,BROOKLYN,0.0,CEASED,67238.0,per Annum,0.0,675.19,0.0,58.8,19.66
17,117368,2120.0,40448,2020,10/16/2017,BROOKLYN,0.0,CEASED,68835.0,per Annum,19.0,716.57,0.0,0.0,0.0
19,151757,2122.0,40199,2020,11/29/2004,MANHATTAN,0.0,CEASED,222924.0,per Annum,1225.0,147054.45,0.0,0.0,102325.19
19,28177,2122.0,40409,2020,1/15/2016,MANHATTAN,0.0,ACTIVE,243171.0,per Annum,1820.0,239475.95,0.0,0.0,938.9
19,14521,2122.0,40081,2020,6/13/1988,MANHATTAN,0.0,ACTIVE,237407.0,per Annum,1820.0,233799.54,0.0,0.0,0.0
19,190353,2122.0,40462,2020,12/25/2005,MANHATTAN,0.0,ACTIVE,222924.0,per Annum,1820.0,219536.75,0.0,0.0,1250.0
19,152941,2122.0,40199,2020,2/5/2007,MANHATTAN,0.0,ACTIVE,222924.0,per Annum,1820.0,209357.5,0.0,0.0,1750.0
19,176768,2122.0,40199,2020,2/21/2017,MANHATTAN,0.0,ACTIVE,196950.0,per Annum,1820.0,196635.82,0.0,0.0,0.0
19,113492,2122.0,40199,2020,12/25/2005,MANHATTAN,0.0,ACTIVE,195978.0,per Annum,1820.0,193000.29,0.0,0.0,1000.0
19,193035,2122.0,40199,2020,12/31/2017,MANHATTAN,0.0,ACTIVE,196950.0,per Annum,1820.0,193957.63,0.0,0.0,0.0
19,33054,2122.0,40306,2020,6/21/1982,MANHATTAN,0.0,ACTIVE,195826.0,per Annum,1820.0,192850.37,0.0,0.0,0.0
19,19997,2122.0,40199,2020,7/14/2008,MANHATTAN,0.0,ACTIVE,196950.0,per Annum,1820.0,192107.94,0.0,0.0,500.0
19,61906,2122.0,40199,2020,12/25/2005,MANHATTAN,0.0,ACTIVE,185843.0,per Annum,1820.0,183019.14,0.0,0.0,0.0
19,19003,2122.0,40199,2020,9/27/1988,MANHATTAN,0.0,CEASED,216431.0,per Annum,0.0,0.0,0.0,0.0,180605.85
19,15188,2122.0,40199,1998,1/4/1999,MANHATTAN,0.0,ACTIVE,176785.0,per Annum,1820.0,174098.86,0.0,0.0,0.0
996,209184,0.0,40475,2021,2/26/2018,MANHATTAN,2153.0,ACTIVE,258000.0,per Annum,1820.0,257260.3,0.0,0.0,258000.0
996,302330,0.0,41143,2021,8/12/2019,MANHATTAN,2153.0,ACTIVE,414707.0,per Annum,1820.0,413518.05,0.0,0.0,500.0
816,49788,0.0,40782,2021,2/26/2018,BROOKLYN,2129.0,ACTIVE,508.8,per Day,2080.0,132288.0,2115.25,218628.18,56616.07
816,251626,0.0,40782,2021,8/2/2010,MANHATTAN,2129.0,ACTIVE,508.8,per Day,2080.0,132288.0,2152.75,218694.96,38611.82
816,364376,0.0,40782,2021,1/16/2007,QUEENS,2129.0,ACTIVE,508.8,per Day,2080.0,132288.0,1876.25,192296.19,51160.2
462,375488,0.0,40640,2021,4/17/2011,MANHATTAN,2092.0,CEASED,228000.0,per Annum,980.0,122427.81,0.0,0.0,244495.2
996,332352,0.0,40812,2021,5/24/1994,BRONX,2153.0,ACTIVE,460.25,per Day,1820.0,119469.25,2032.5,200038.56,28316.97
816,277548,0.0,40782,2021,2/4/2019,BROOKLYN,2129.0,ACTIVE,508.8,per Day,2080.0,134832.62,1755.25,172637.44,40184.01
816,243090,0.0,40782,2021,7/31/2006,MANHATTAN,2129.0,ACTIVE,508.8,per Day,2080.0,132288.0,1689.25,170511.6,35905.23
816,105284,0.0,41011,2021,10/1/2004,BROOKLYN,2129.0,ACTIVE,238275.0,per Annum,2080.0,263716.96,159.25,22695.88,39879.43
72,263232,0.0,40782,2021,3/24/2008,MANHATTAN,2017.0,ACTIVE,508.8,per Day,2080.0,132288.0,1674.75,163680.96,28856.47
72,27580,0.0,40782,2021,1/27/2020,QUEENS,2017.0,ACTIVE,508.8,per Day,2080.0,132288.0,1713.25,163552.17,16279.2
816,188446,0.0,41011,2021,12/9/2013,QUEENS,2129.0,ACTIVE,238275.0,per Annum,2080.0,263772.13,182.0,22075.41,24624.58
816,40072,0.0,41011,2021,7/1/2005,QUEENS,2129.0,ACTIVE,238275.0,per Annum,2080.0,260751.37,109.5,14252.23,32150.56
826,200736,0.0,40782,2021,2/14/1989,MANHATTAN,2131.0,ACTIVE,501.92,per Day,2080.0,130499.2,1271.5,120814.08,54310.04
8,298996,0.0,40237,2021,5/18/2015,MANHATTAN,2044.0,ACTIVE,311885.0,per Annum,1820.0,311007.12,0.0,0.0,-5974.8
816,121788,0.0,41011,2021,7/1/2003,QUEENS,2129.0,ACTIVE,238275.0,per Annum,2080.0,268042.3,0.0,0.0,34011.18
72,277294,0.0,40747,2021,10/20/2014,QUEENS,2017.0,ACTIVE,581.12,per Day,2080.0,151091.2,1397.75,148760.04,1498.2
816,380296,0.0,40081,2021,8/31/1992,QUEENS,2129.0,ACTIVE,145415.0,per Annum,1820.0,145005.68,1330.75,153480.98,2463.44
827,360648,0.0,40809,2021,7/10/2000,BRONX,2132.0,ACTIVE,108846.0,per Annum,2080.0,110309.14,1981.5,170883.87,17967.1
15,48216,0.0,40390,2021,1/11/2016,MANHATTAN,2051.0,ACTIVE,300000.0,per Annum,1820.0,299155.64,0.0,0.0,0.0
996,288214,0.0,40628,2021,4/28/2003,BRONX,2153.0,ACTIVE,369.53,per Day,1820.0,96077.8,1855.0,195850.91,6757.12
816,203742,0.0,40257,2021,11/21/2000,BROOKLYN,2129.0,ACTIVE,84.62,per Hour,1750.0,164653.98,1314.75,122575.33,10313.26
464,426278,0.0,40861,2021,8/1/2005,QUEENS,2094.0,CEASED,183314.0,per Annum,1190.0,117417.26,0.0,0.0,180066.82
816,107690,0.0,40782,2021,3/21/2016,MANHATTAN,2129.0,ACTIVE,508.8,per Day,2080.0,132288.0,1246.75,125010.57,40033.78
816,170794,0.0,40782,2021,1/8/2018,MANHATTAN,2129.0,ACTIVE,508.8,per Day,2080.0,132288.0,1269.5,126017.04,38078.08
816,353532,0.0,41011,2021,7/1/2009,QUEENS,2129.0,ACTIVE,229338.0,per Annum,2080.0,253899.23,145.75,18636.35,23582.98
816,58100,0.0,41011,2021,9/10/2018,MANHATTAN,2129.0,ACTIVE,238275.0,per Annum,2080.0,259607.51,268.75,32250.09,3044.57
827,313732,0.0,40809,2021,7/28/1997,BROOKLYN,2132.0,ACTIVE,108846.0,per Annum,2080.0,110726.63,1907.0,164673.96,18437.02
826,104722,0.0,40782,2021,7/17/2006,MANHATTAN,2131.0,ACTIVE,501.92,per Day,2080.0,130499.2,1171.5,113120.9,50058.35
996,224802,0.0,40812,2021,5/18/1998,QUEENS,2153.0,ACTIVE,460.25,per Day,1820.0,119629.9,1502.5,147508.09,25353.08
816,294118,0.0,41011,2021,8/4/2014,MANHATTAN,2129.0,ACTIVE,238275.0,per Annum,2080.0,263716.96,0.0,102.85,26092.34
72,310260,0.0,40614,2021,12/1/2008,QUEENS,2017.0,ACTIVE,478.0,per Day,2080.0,124280.0,1496.25,136939.12,28268.75
742,290126,0.0,40137,2021,4/2/2018,MANHATTAN,2053.0,CEASED,363346.0,per Annum,0.0,272509.56,0.0,0.0,16696.67
816,328990,0.0,40614,2021,11/16/2015,MANHATTAN,2129.0,ACTIVE,478.0,per Day,2080.0,124280.0,1536.75,137671.82,26895.02
72,181316,0.0,40782,2021,5/8/2017,MANHATTAN,2017.0,ACTIVE,508.8,per Day,2080.0,132288.0,1310.5,126953.55,29075.03
816,310434,0.0,40782,2021,7/1/2013,MANHATTAN,2129.0,ACTIVE,508.8,per Day,2080.0,132288.0,1191.0,116270.34,38104.45
816,375674,0.0,40747,2021,6/24/2007,MANHATTAN,2129.0,ACTIVE,603.84,per Day,2080.0,156998.4,1116.5,124485.39,4528.8
816,217792,0.0,40257,2021,1/5/2004,QUEENS,2129.0,ACTIVE,213294.0,per Annum,2080.0,236257.2,452.0,48859.58,225.43
2,399268,0.0,40497,2021,12/31/2017,MANHATTAN,2041.0,ACTIVE,291139.0,per Annum,1820.0,290319.68,0.0,0.0,-5577.4
816,385940,0.0,40257,2021,9/14/1998,QUEENS,2129.0,ON SEPARATION LEAVE,84.62,per Hour,2009.0,187944.49,866.25,82287.14,12539.96
816,36198,0.0,41011,2021,7/3/2006,MANHATTAN,2129.0,ACTIVE,238275.0,per Annum,2080.0,260751.37,-27.0,-1983.53,23643.93
827,36130,0.0,40809,2021,8/21/2000,QUEENS,2132.0,ACTIVE,108846.0,per Annum,2080.0,110726.63,1808.0,153392.57,18034.19
827,307502,0.0,40809,2021,7/24/2000,BROOKLYN,2132.0,ACTIVE,108846.0,per Annum,2080.0,110726.63,1791.0,153452.2,17799.64
827,258732,0.0,40809,2021,10/18/1999,QUEENS,2132.0,ACTIVE,108846.0,per Annum,2080.0,110306.9,1894.0,161609.68,9623.13
463,82018,0.0,40640,2021,8/17/2015,BRONX,2093.0,ACTIVE,226000.0,per Annum,1820.0,225375.67,0.0,0.0,55670.5
469,203774,0.0,40640,2021,8/17/2020,QUEENS,2099.0,ACTIVE,270000.0,per Annum,1575.0,233013.6,0.0,0.0,47246.6
57,390038,0.0,40241,2021,7/7/1999,BROOKLYN,2012.0,ACTIVE,235462.0,per Annum,2080.0,162911.44,1564.92,110078.87,6532.24
816,284796,0.0,40782,2021,8/12/2019,MANHATTAN,2129.0,ACTIVE,508.8,per Day,2080.0,132288.0,1208.75,118173.57,28313.72
827,307342,0.0,40809,2021,11/15/2004,QUEENS,2132.0,ACTIVE,108846.0,per Annum,2080.0,110726.63,1796.0,151311.33,16643.84
996,34400,0.0,40222,2021,9/3/2019,BRONX,2153.0,ACTIVE,375.06,per Day,1820.0,97141.89,2064.0,171293.52,10184.41
868,98108,0.0,40782,2021,4/1/1986,MANHATTAN,2141.0,ACTIVE,508.8,per Day,2080.0,132288.0,1138.5,108461.85,37739.89
816,115990,0.0,41011,2021,11/5/2018,MANHATTAN,2129.0,CEASED,238275.0,per Annum,2080.0,258467.67,122.75,14935.57,3874.98
868,121346,0.0,40782,2021,9/19/2016,BROOKLYN,2141.0,ACTIVE,508.8,per Day,2080.0,132288.0,1108.0,110045.49,34549.61
827,208876,0.0,41125,2021,5/3/2004,RICHMOND,2132.0,ACTIVE,132309.0,per Annum,2080.0,134594.25,1295.5,134122.99,7820.23
466,207168,0.0,40640,2021,9/1/2020,MANHATTAN,2096.0,ACTIVE,275000.0,per Annum,1498.0,225726.08,0.0,0.0,49731.8
816,348494,0.0,41011,2021,7/2/2012,BROOKLYN,2129.0,ACTIVE,229338.0,per Annum,2080.0,253899.62,0.0,24.48,21353.22
816,355076,0.0,41011,2021,7/1/2013,MANHATTAN,2129.0,ACTIVE,229338.0,per Annum,2080.0,253843.03,0.0,0.0,21230.51
72,292226,0.0,40614,2021,8/8/2016,QUEENS,2017.0,ACTIVE,478.0,per Day,2080.0,124280.0,1337.0,121611.7,28736.27
901,222850,0.0,41252,2021,8/26/1985,MANHATTAN,2142.0,ACTIVE,200000.0,per Annum,1820.0,199437.01,0.0,0.0,75000.0
3,224468,0.0,40304,2021,7/3/2005,MANHATTAN,2042.0,ACTIVE,117519.0,per Annum,1820.0,117188.28,2113.5,153333.23,1717.58
816,313250,0.0,41011,2021,10/22/2018,BROOKLYN,2129.0,ACTIVE,238275.0,per Annum,2080.0,258825.06,56.5,6447.57,4537.68
4,222308,0.0,40092,2021,1/29/1989,MANHATTAN,2043.0,ON SEPARATION LEAVE,189238.0,per Annum,1820.0,188705.28,26.25,2850.83,77794.49
996,243150,0.0,40831,2021,3/8/2010,MANHATTAN,2153.0,ACTIVE,387.03,per Day,1820.0,99115.3,1533.0,166984.21,2613.92
827,398464,0.0,40809,2021,9/24/2012,QUEENS,2132.0,ACTIVE,108846.0,per Annum,2080.0,108326.62,1876.0,153590.47,6699.2
868,174766,0.0,40782,2021,9/21/2015,MANHATTAN,2141.0,ACTIVE,508.8,per Day,2080.0,132288.0,1150.5,106996.14,29085.49
827,168952,0.0,40809,2021,3/22/2004,BRONX,2132.0,ACTIVE,108846.0,per Annum,2080.0,110726.63,1685.0,141839.62,15580.89
827,139910,0.0,40809,2021,9/5/2000,BRONX,2132.0,ACTIVE,108846.0,per Annum,2080.0,110726.63,1615.02,138991.53,18294.71
836,336764,0.0,41149,2021,2/19/2013,BRONX,2134.0,ACTIVE,108784.0,per Annum,2000.0,106486.42,1892.25,152448.05,7939.16
72,324158,0.0,40864,2021,10/11/2001,QUEENS,2017.0,ACTIVE,128355.0,per Annum,2080.0,127452.46,1825.75,123102.65,16305.89
57,349374,0.0,40824,2021,1/9/1980,QUEENS,2012.0,ACTIVE,148202.0,per Annum,2080.0,147784.86,1036.25,110702.16,7893.46
868,378730,0.0,40614,2021,6/22/2009,MANHATTAN,2141.0,ACTIVE,478.0,per Day,2080.0,124280.0,1197.0,108288.51,33725.26
468,338960,0.0,40640,2021,1/15/2002,BRONX,2098.0,ACTIVE,260000.0,per Annum,1650.0,235068.43,0.0,0.0,31019.2
846,246242,0.0,40782,2021,10/29/2018,MANHATTAN,2136.0,ACTIVE,508.8,per Day,2080.0,132288.0,1111.5,105286.62,27670.21
827,377510,0.0,40809,2021,6/1/1983,BROOKLYN,2132.0,ACTIVE,108846.0,per Annum,2080.0,110726.63,1578.0,135634.66,18720.47
57,72476,0.0,40207,2021,1/16/1994,RICHMOND,2012.0,ACTIVE,135511.0,per Annum,2080.0,146527.13,915.15,83800.55,34068.97
15,405782,0.0,40390,2021,9/12/2010,MANHATTAN,2051.0,ACTIVE,265000.0,per Annum,1820.0,264254.05,0.0,0.0,0.0
15,214166,0.0,40538,2021,2/22/2005,MANHATTAN,2051.0,ACTIVE,265000.0,per Annum,1820.0,264254.05,0.0,0.0,0.0
72,275942,0.0,40824,2021,10/16/1996,QUEENS,2017.0,ACTIVE,511.76,per Day,2080.0,133057.6,1382.0,129568.6,1463.31
816,391140,0.0,40257,2021,5/4/2015,QUEENS,2129.0,ACTIVE,94.3,per Hour,1765.0,183191.01,849.5,83468.32,-2723.68
816,250212,0.0,41011,2021,7/2/2018,MANHATTAN,2129.0,ACTIVE,238275.0,per Annum,2080.0,260157.37,0.0,47.63,3641.46
742,315726,0.0,40642,2021,9/17/1984,OTHER,2053.0,CEASED,192578.0,per Annum,0.0,111750.02,0.0,0.0,152036.6
868,400004,0.0,40782,2021,10/23/2002,MANHATTAN,2141.0,ACTIVE,508.8,per Day,2080.0,132288.0,1089.25,102721.95,28625.41
57,345832,0.0,40440,2021,9/14/2015,QUEENS,2012.0,ACTIVE,427.35,per Day,1820.0,110977.0,1567.75,143239.77,9311.48
72,390816,0.0,40440,2021,2/19/2008,QUEENS,2017.0,ACTIVE,427.35,per Day,1820.0,110977.0,1397.75,127746.09,23936.82
816,366868,0.0,40257,2021,8/14/2017,QUEENS,2129.0,ACTIVE,99.62,per Hour,2005.0,220675.63,515.0,51458.78,-9809.05
57,24594,0.0,40587,2021,7/5/1992,RICHMOND,2012.0,ACTIVE,103195.0,per Annum,2080.0,102904.44,2872.0,139592.82,19616.8
56,220032,0.0,40782,2021,6/3/2013,MANHATTAN,2010.0,ACTIVE,508.8,per Day,2080.0,132288.0,1217.5,116052.51,13357.38
57,265326,0.0,40440,2021,1/20/2005,QUEENS,2012.0,ACTIVE,427.35,per Day,1820.0,110977.0,1348.5,123314.08,27350.6
996,326020,0.0,40628,2021,4/14/2003,BROOKLYN,2153.0,ACTIVE,369.53,per Day,1820.0,96077.8,1527.75,161299.85,4117.62
868,339386,0.0,40782,2021,7/24/2006,BROOKLYN,2141.0,ACTIVE,508.8,per Day,2080.0,132288.0,1068.0,101041.32,27558.3
57,388000,0.0,40207,2021,8/8/1999,QUEENS,2012.0,ACTIVE,135511.0,per Annum,2080.0,146527.13,994.18,80639.34,33180.62
57,202402,0.0,40207,2021,7/9/1995,MANHATTAN,2012.0,ACTIVE,135511.0,per Annum,2080.0,146527.13,846.12,78077.87,35047.48
826,353736,0.0,40782,2021,6/2/2008,RICHMOND,2131.0,ACTIVE,501.92,per Day,2080.0,131554.7,769.8,74271.26,53674.67
72,28538,0.0,40864,2021,6/1/2000,QUEENS,2017.0,ACTIVE,128355.0,per Annum,2080.0,127452.46,1408.0,118446.72,13409.33
72,164144,0.0,40864,2021,3/4/2004,QUEENS,2017.0,ACTIVE,128355.0,per Annum,2080.0,127452.46,2161.0,111907.5,19537.03
868,52830,0.0,40782,2021,5/31/2016,MANHATTAN,2141.0,ACTIVE,508.8,per Day,2080.0,132288.0,901.25,90004.07,36369.1
57,174178,0.0,40207,2021,8/19/1990,BROOKLYN,2012.0,ACTIVE,135511.0,per Annum,2080.0,146527.13,833.63,77912.32,34206.86
56,302174,0.0,40579,2021,6/30/1998,MANHATTAN,2010.0,ACTIVE,149068.0,per Annum,2080.0,147066.63,950.08,90551.25,20495.26
56,229552,0.0,40782,2021,2/12/2018,MANHATTAN,2010.0,ACTIVE,508.8,per Day,2080.0,131779.2,1085.25,102184.53,24136.67
45,229552,0.0,40782,1999,2/12/2018,MANHATTAN,2010.0,ACTIVE,508.8,per Day,2080.0,131779.2,1085.25,102184.53,24136.67
